{
  "Bonaire": [
    12.1684798,
    -68.2470323
  ],
  "Sint Eustatius": [
    17.5085293,
    -62.9954769
  ],
  "China": [
    35.000074,
    104.999927
  ],
  "Tibet": [
    29.8556443,
    90.8749807
  ],
  "Cyprus": [
    34.9174159,
    32.8899027
  ],
  "Northern Cyprus": [
    35.2245313,
    33.6252379
  ],
  "East Germany": [
    54.5077516,
    9.5482377
  ],
  "Germany": [
    51.1638175,
    10.4478313
  ],
  "Saar": [
    49.2402,
    7.0236
  ],
  "England": [
    52.5310214,
    -1.2649062
  ],
  "Northern Ireland": [
    54.5859836,
    -6.9591554
  ],
  "Wales": [
    52.2928116,
    -3.73893
  ],
  "Scotland": [
    56.7861112,
    -4.1140518
  ],
  "Iraq": [
    33.0955793,
    44.1749775
  ],
  "Kurdistan": [
    35.6727813,
    47.0127981
  ],
  "North Vietnam": [
    21.0285,
    105.8542
  ],
  "Vietnam": [
    15.9266657,
    107.9650855
  ],
  "North Yemen": [
    15.9936,
    44.2066
  ],
  "Yemen": [
    16.3471243,
    47.8915271
  ],
  "Samoa": [
    -13.7693895,
    -172.12005
  ],
  "Western Samoa": [
    -13.7693895,
    -172.12005
  ],
  "Tanzania": [
    -6.5247123,
    35.7878438
  ],
  "Zanzibar": [
    -6.1659,
    39.2026
  ]
}